,Species,Type,Fuzziness.,Interesting.bits,Folder,Paper,MinAgeMYA,MaxAgeMYA,PointEstimate,Point.Estimate.in.Paper,FossilNotes,class,subclass,order,suborder,family,subfamily,genus,subgenus
1,Tethytimea tylota,Demo,no,no,Extant,zookeys-680-105,0,0,0,NA,NA,NA,NA,NA,NA,NA,NA,NA,NA
2,Rhabdastrella distincta,Demo,no,no,Extant,zookeys-680-105,0,0,0,NA,NA,NA,NA,NA,NA,NA,NA,NA,NA
3,Amphimedon anastomosa,Demo,no,no,Extant,zookeys-680-105,0,0,0,NA,NA,NA,NA,NA,NA,NA,NA,NA,NA
4,Asbestopluma hypogea,Demo,yes ,carnivore,Extant,VaceletBoury-Esnault1996,0,0,0,NA,NA,Demospongiae,Heteroscleromorpha,Poecilosclerida,NA,Cladorhizidae,NA,Asbestopluma,NA
5,Ascandra spalatensis,Calcarea,yes ,no,Extant,301-Article Text-1584-1-10-20160302,0,0,0,NA,NA,Calcarea,Calcinea,Clathrinida,NA,Leucaltidae,NA,Ascandra,NA
6,Clathrina primordialis,Calcarea,no,one spicule type but great size variation,Extant,301-Article Text-1584-1-10-20160302,0,0,0,NA,NA,Calcarea,Calcinea,Clathrinida,NA,Clathrinidae,NA,Clathrina,NA
7,Borojevia croatica,Calcarea,yes ,no,Extant,301-Article Text-1584-1-10-20160302,0,0,0,NA,NA,Calcarea,Calcinea,Clathrinida,NA,Clathrinidae,NA,Borojevia,NA
8,Farrea bowerbanki,Hex,no,Some vestigial rays noted,Extant,boury-esnault_et_al_2017hexactinellida,0,0,0,NA,NA,Hexactinellida,Hexasterophora,Hexactinosida,Sceptrulophora,Farreidae,NA,Farrea,NA
9,Tretodictyum reiswigi,Hex,no,no,Extant,boury-esnault_et_al_2017hexactinellida,0,0,0,NA,NA,Hexactinellida,Hexasterophora,Hexactinosida,Sceptrulophora,Tretodictyidae,NA,Tretodictyum,NA
10,Haljalaspongia inaudita,Hex,yes ,distinct layers,Fossil,SG143_001-014,455.8,460.9,458.35,No,no_data,NA,NA,NA,NA,NA,NA,NA,NA
11,Leucandra falakra,Calcarea,yes ,Giant spicules; pairing,Extant,301-Article Text-1584-1-10-20160302,0,0,0,NA,NA,Calcarea,Calcaronea,Leucosolenida,NA,Grantiidae,NA,Leucandra,NA
12,Hymedesmia anatoliensis,Demo,no,no,Extant,zoo-39-4-2-1312-40,0,0,0,NA,NA,NA,NA,NA,NA,NA,NA,NA,NA
13,Neofibularia chinensis,Demo,no,no,Extant,"Pulitzer-Finali,_1982b",0,0,0,NA,NA,NA,NA,NA,NA,NA,NA,NA,NA
14,Amphimedon chloros,Demo,yes ,no,Extant,9875,0,0,0,NA,NA,Demospongiae,Heteroscleromorpha,Haplosclerida,NA,Niphatidae,NA,Amphimedon,NA
15,Niphates rowi,Demo,no,no,Extant,9875,0,0,0,NA,NA,NA,NA,NA,NA,NA,NA,NA,NA
16,Petrosia spheroida,Demo,no,spherical,Extant,"Tanita, 1967",0,0,0,NA,NA,Demospongiae,Heteroscleromorpha,Haplosclerida,NA,Petrosiidae,NA,Petrosia,NA
17,Clathria collosclera,Demo,no,no,Extant,"vanSoest,2009",0,0,0,NA,NA,NA,NA,NA,NA,NA,NA,NA,NA
18,Pheronema amphorae,Hex,yes ,"""mesosclere"" category",Extant,"Reiswig,1992",0,0,0,NA,NA,NA,NA,NA,NA,NA,NA,NA,NA
19,Tretodictyum tubulosum,Hex,no,subhexactins,Extant,"mapress,+zt01721p064",0,0,0,NA,NA,Hexactinellida,Hexasterophora,Hexactinosida,Sceptrulophora,Tretodictyidae,NA,Tretodictyum,NA
20,Hexactinella carolinensis,Hex,yes ,paper may not adequately describe spicule variation,Extant,"mapress,+zt01721p064",0,0,0,NA,NA,Hexactinellida,Hexasterophora,Hexactinosida,Sceptrulophora,Tretodictyidae,NA,Hexactinella,NA
21,Pheronemoides crustiformis,Hex,no,monaxons may be diactins,Extant,[18759866 - Contributions to Zoology] Phylogeny of two new pheronematid sponges from the Caroline Seamount and South China Sea,0,0,0,NA,NA,Hexactinellida,Amphidiscophora,Amphidiscosida,NA,Pheronematidae,NA,Pheronemoides,NA
22,Semperella jiaolongae,Hex,yes ,number of pinules unclear,Extant,Gongetal2015-zt04034p192,0,0,0,NA,NA,NA,NA,NA,NA,NA,NA,NA,NA
23,Saccocalyx microhexactin,Hex,yes ,no,Extant,Gongetal2015-zt04034p192,0,0,0,NA,NA,Hexactinellida,Hexasterophora,Lyssacinosida,NA,Euplectellidae,NA,Saccocalyx,NA
24,Platylistrum subviridum,Hex,yes ,uncinates may be microscleres,Extant,"kkochar,+zt04171p574A",0,0,0,NA,NA,NA,NA,NA,NA,NA,NA,NA,NA
25,Poliopogon canaliculatus,Hex,no,no,Extant,"kkochar,+zt04171p574A",0,0,0,NA,NA,NA,NA,NA,NA,NA,NA,NA,NA
26,Conorete pourtalesi,Hex,yes ,maybe collapse tylo/subtylo scopules,Extant,zoj12138,0,0,0,NA,NA,Hexactinellida,Hexasterophora,Hexactinosida,Sceptrulophora,Euretidae,NA,Conorete,NA
27,Verrucocoeloidea liberatorii,Hex,no,no,Extant,zoj12138,0,0,0,NA,NA,Hexactinellida,Hexasterophora,Hexactinosida,Sceptrulophora,Euretidae,NA,Verrucocoeloidea,NA
28,Dictyoplax lecus,Hex,yes ,no,Extant,zoj12138,0,0,0,NA,NA,Hexactinellida,Hexasterophora,Hexactinosida,Sceptrulophora,Auloplacidae,NA,Dictyoplax,NA
29,Poliopogon amadou,Hex,yes ,mesouncinates,Extant,Castello-Branco_et_al_2020_peerj,0,0,0,NA,NA,NA,NA,NA,NA,NA,NA,NA,NA
30,Bolosoma perezi,Hex,yes ,diactins,Extant,Castello-Branco_et_al_2020_peerj,0,0,0,NA,NA,NA,NA,NA,NA,NA,NA,NA,NA
31,Chonelasma choanoides,Hex,yes ,3 scopules,Extant,1-s2.0-S0967064504001626-main,0,0,0,NA,NA,NA,NA,NA,NA,NA,NA,NA,NA
32,Holascus pseudostellatus,Hex,yes ,pinular hexactins,Extant,1-s2.0-S0967064504001626-main,0,0,0,NA,NA,NA,NA,NA,NA,NA,NA,NA,NA
33,Bathydorus poculum,Hex,no,no,Extant,ZK_article_63307_en_1,0,0,0,NA,NA,Hexactinellida,Hexasterophora,Lyssacinosida,NA,Rossellidae,NA,Bathydorus,NA
34,Nubes poculiformis,Hex,no,no,Extant,ZK_article_63307_en_1,0,0,0,NA,NA,Hexactinellida,Hexasterophora,Lyssacinosida,NA,Rossellidae,NA,Nubes,NA
35,Scyphidium australiense,Hex,no,spheres as megascleres,Extant,ZK_article_63307_en_1,0,0,0,NA,NA,Hexactinellida,Hexasterophora,Lyssacinosida,NA,Rossellidae,NA,Scyphidium,NA
36,Eurete atlantica,Hex,no,no,Extant,axonomy of Euretidae Porifera Hexactinellida Hexactinosida of Campos Basin southwestern Atlantic with a description of a new species,0,0,0,NA,NA,NA,NA,NA,NA,NA,NA,NA,NA
37,Periphragella antarctica,Hex,no,no,Extant,1-s2.0-S0967064504001626-main,0,0,0,NA,NA,NA,NA,NA,NA,NA,NA,NA,NA
38,Corticium vaceleti,Homoscleromorph,no,no,Extant,"kkochar,+zt04466p038A",0,0,0,NA,NA,Homoscleromorpha,NA,Homosclerophorida,NA,Plakinidae,NA,Corticium,NA
39,Plakortis ruetzleri,Homoscleromorph,no,no,Extant,"kkochar,+zt04466p038A",0,0,0,NA,NA,Homoscleromorpha,NA,Homosclerophorida,NA,Plakinidae,NA,Plakortis,NA
40,Plakinastrella nicoleae,Homoscleromorph,no,no,Extant,"kkochar,+zt04466p038A",0,0,0,NA,NA,Homoscleromorpha,NA,Homosclerophorida,NA,Plakinidae,NA,Plakinastrella,NA
41,Plakinastrella pseudolopha,Homoscleromorph,yes ,no,Extant,"kkochar,+zt04466p038A",0,0,0,NA,NA,Homoscleromorpha,NA,Homosclerophorida,NA,Plakinidae,NA,Plakinastrella,NA
42,Plakinastrella osculifera,Homoscleromorph,no,no,Extant,"kkochar,+zt04466p038A",0,0,0,NA,NA,Homoscleromorpha,NA,Homosclerophorida,NA,Plakinidae,NA,Plakinastrella,NA
43,Plakina finispinata,Homoscleromorph,no,no,Extant,"kkochar,+zt04466p038A",0,0,0,NA,NA,Homoscleromorpha,NA,Homosclerophorida,NA,Plakinidae,NA,Plakina,NA
44,Plectroninia celtica,Calcarea,yes ,might be Plectronina halli,Extant,Könnecker-Freiwald2005_Article_PlectroniniaCelticaNSpCalcarea,0,0,0,NA,NA,NA,NA,NA,NA,NA,NA,NA,NA
45,Achramorpha nivalis,Calcarea,yes ,chiactines,Extant,"kkochar,+zt04615p251A",0,0,0,NA,NA,NA,NA,NA,NA,NA,NA,NA,NA
46,Megapogon raripilus,Calcarea,no,diactins might be styles,Extant,"kkochar,+zt04615p251A",0,0,0,NA,NA,Calcarea,Calcaronea,Leucosolenida,NA,Achramorphidae,NA,Megapogon,NA
47,Sarsinella karasikensis,Calcarea,no,no,Extant,"kkochar,+zt04615p251A",0,0,0,NA,NA,Calcarea,Calcaronea,Leucosolenida,NA,Achramorphidae,NA,Sarsinella,NA
48,Arthuria tenuipilosa,Calcarea,no,diactins might be styles,Extant,"kkochar,+zt03951p105A",0,0,0,NA,NA,NA,NA,NA,NA,NA,NA,NA,NA
49,Ernstia indonesiae,Calcarea,no,diactins might be styles,Extant,"kkochar,+zt03951p105A",0,0,0,NA,NA,NA,NA,NA,NA,NA,NA,NA,NA
50,Burtonulla sibogae,Calcarea,no,no,Extant,"kkochar,+zt03951p105A",0,0,0,NA,NA,Calcarea,Calcinea,Clathrinida,NA,Levinellidae,NA,Burtonulla,NA
51,Leucaltis nodusgordii,Calcarea,no,Giant spicules; pairing,Extant,"kkochar,+zt03951p105A",0,0,0,NA,NA,Calcarea,Calcinea,Clathrinida,NA,Leucaltidae,NA,Leucaltis,NA
52,Ascaltis angusta,Calcarea,no,no,Extant,"kkochar,+zt03951p105A",0,0,0,NA,NA,Calcarea,Calcinea,Clathrinida,NA,Leucascidae,NA,Ascaltis,NA
53,Leucascus flavus,Calcarea,no,no,Extant,"kkochar,+zt03951p105A",0,0,0,NA,NA,Calcarea,Calcinea,Clathrinida,NA,Leucascidae,NA,Leucascus,NA
54,Ascoleucetta sagittata,Calcarea,no,no,Extant,"kkochar,+zt03951p105A",0,0,0,NA,NA,Calcarea,Calcinea,Clathrinida,NA,Leucascidae,NA,Ascoleucetta,NA
55,Leucetta chagosensis,Calcarea,yes ,no,Extant,"kkochar,+zt03951p105A",0,0,0,NA,NA,Calcarea,Calcinea,Clathrinida,NA,Leucettidae,NA,Leucetta,NA
56,Pericharax orientalis,Calcarea,no,no,Extant,"kkochar,+zt03951p105A",0,0,0,NA,NA,Calcarea,Calcinea,Clathrinida,NA,Leucettidae,NA,Pericharax,NA
57,Lelapiella sphaerulifera,Calcarea,yes ,diactins and spherules may be microscleres,Extant,"kkochar,+zt03951p105A",0,0,0,NA,NA,NA,NA,NA,NA,NA,NA,NA,NA
58,Anamixilla torresi,Calcarea,no,tetractines have very large size range,Extant,"kkochar,+zt03951p105A",0,0,0,NA,NA,Calcarea,Calcaronea,Leucosolenida,NA,Jenkinidae,NA,Anamixilla,NA
59,Uteopsis argentea,Calcarea,yes ,no,Extant,"kkochar,+zt03951p105A",0,0,0,NA,NA,Calcarea,Calcaronea,Leucosolenida,NA,Jenkinidae,NA,Uteopsis,NA
60,Grantessa borojevici,Calcarea,yes ,no,Extant,"kkochar,+zt03951p105A",0,0,0,NA,NA,NA,NA,NA,NA,NA,NA,NA,NA
61,Heteropia minor,Calcarea,yes ,no,Extant,"kkochar,+zt03951p105A",0,0,0,NA,NA,Calcarea,Calcaronea,Leucosolenida,NA,Heteropiidae,NA,Heteropia,NA
62,Vosmaeropsis grisea,Calcarea,no,giant diactines,Extant,"kkochar,+zt03951p105A",0,0,0,NA,NA,NA,NA,NA,NA,NA,NA,NA,NA
63,Amphoriscus semoni,Calcarea,no,giant tetractines,Extant,"kkochar,+zt03951p105A",0,0,0,NA,NA,NA,NA,NA,NA,NA,NA,NA,NA
64,Leucilla australiensis,Calcarea,no,two types of giant tetractine,Extant,"kkochar,+zt03951p105A",0,0,0,NA,NA,NA,NA,NA,NA,NA,NA,NA,NA
65,Halichondria longioxea,Demo,no,no,Fossil,fia0241-3_043,0.002,0.03,0.016,No,incomplete_taxonomy,NA,NA,NA,NA,NA,NA,NA,NA
66,Axociella ongulensis,Demo,no,no,Fossil,fia0241-3_043,0.002,0.03,0.016,No,no_data,NA,NA,NA,NA,NA,NA,NA,NA
67,Cymbastela cantharella,Demo,no,no,Extant,document(5),0,0,0,NA,NA,Demospongiae,Heteroscleromorpha,Axinellida,NA,Axinellidae,NA,Cymbastela,NA
68,Reniochalina condylia,Demo,yes ,may only be one spicule with shape variation,Extant,document(5),0,0,0,NA,NA,NA,NA,NA,NA,NA,NA,NA,NA
69,Axinella carteri,Demo,no,no,Extant,document(5),0,0,0,NA,NA,Demospongiae,Heteroscleromorpha,Axinellida,NA,Axinellidae,NA,Stylissa,NA
70,Phakellia pulcherrima,Demo,no,no,Extant,document(5),0,0,0,NA,NA,NA,NA,NA,NA,NA,NA,NA,NA
71,Stylissa flabelliformis,Demo,no,no,Extant,document(5),0,0,0,NA,NA,Demospongiae,Heteroscleromorpha,Axinellida,NA,Axinellidae,NA,Stylissa,NA
72,Myrmekioderma granulata,Demo,no,no,Extant,document(5),0,0,0,NA,NA,Demospongiae,Heteroscleromorpha,Axinellida,NA,Heteroxyidae,NA,Myrmekioderma,NA
73,Higginsia anfractuosa,Demo,no,no,Extant,document(5),0,0,0,NA,NA,Demospongiae,Heteroscleromorpha,Axinellida,NA,Stelligeridae,NA,Higginsia,NA
74,Cliona californiana,Demo,no,polytylote tylostyles,Extant,"kkochar,+zt03823p084A",0,0,0,NA,NA,Demospongiae,Heteroscleromorpha,Clionaida,NA,Clionaidae,NA,Cliona,NA
75,Cliona lobata,Demo,no,spiraster microscleres,Extant,"kkochar,+zt03823p084A",0,0,0,NA,NA,NA,NA,NA,NA,NA,NA,NA,NA
76,Pione gibraltarensis,Demo,no,spiraster microscleres,Extant,"kkochar,+zt03823p084A",0,0,0,NA,NA,NA,NA,NA,NA,NA,NA,NA,NA
77,Polymastia kurilensis,Demo,no,unnamed spicule; classified as raphides,Extant,"kkochar,+zt03823p084A",0,0,0,NA,NA,NA,NA,NA,NA,NA,NA,NA,NA
78,Polymastia pachymastia,Demo,no,no,Extant,"kkochar,+zt03823p084A",0,0,0,NA,NA,Demospongiae,Heteroscleromorpha,Polymastiida,NA,Polymastiidae,NA,Polymastia,NA
79,Radiella endeavourensis,Demo,no,no,Extant,"kkochar,+zt03823p084A",0,0,0,NA,NA,NA,NA,NA,NA,NA,NA,NA,NA
80,Sphaerotylus raphidophora,Demo,no,exotyles and raphides,Extant,"kkochar,+zt03823p084A",0,0,0,NA,NA,NA,NA,NA,NA,NA,NA,NA,NA
81,Tentorium semisuberites,Demo,no,sponge has long tendril,Extant,"kkochar,+zt03823p084A",0,0,0,NA,NA,Demospongiae,Heteroscleromorpha,Polymastiida,NA,Polymastiidae,NA,Tentorium,NA
82,Weberella perlucida,Demo,no,no,Extant,"kkochar,+zt03823p084A",0,0,0,NA,NA,NA,NA,NA,NA,NA,NA,NA,NA
83,Aaptos simplex,Demo,no,no,Extant,"kkochar,+zt03823p084A",0,0,0,NA,NA,NA,NA,NA,NA,NA,NA,NA,NA
84,Homaxinella amphispicula,Demo,no,no,Extant,"kkochar,+zt03823p084A",0,0,0,NA,NA,NA,NA,NA,NA,NA,NA,NA,NA
85,Prosuberites saanichensis,Demo,no,no,Extant,"kkochar,+zt03823p084A",0,0,0,NA,NA,NA,NA,NA,NA,NA,NA,NA,NA
86,Suberites concinnus,Demo,no,no,Extant,"kkochar,+zt03823p084A",0,0,0,NA,NA,NA,NA,NA,NA,NA,NA,NA,NA
87,Suberites latus,Demo,no,Specimens contained hermit crabs,Extant,"kkochar,+zt03823p084A",0,0,0,NA,NA,NA,NA,NA,NA,NA,NA,NA,NA
88,Tethya californiana,Demo,no,lots of microsclere types,Extant,"kkochar,+zt03823p084A",0,0,0,NA,NA,Demospongiae,Heteroscleromorpha,Tethyida,NA,Tethyidae,NA,Tethya,NA
89,Darwinella muelleri,Demo,no,no,Extant,1089-Article Text-4687-3-10-20200910,0,0,0,NA,NA,Demospongiae,Keratosa,Dendroceratida,NA,Darwinellidae,NA,Darwinella,NA
90,Crumillospongia frondosa,Demo,yes ,Cambrian demosponge,Fossil,BG_2011_86_3_641,505,513,509,No,no,NA,NA,NA,NA,NA,NA,NA,NA
91,Ptilispongia maotianshanensis,Demo,no,Cambrian demosponge,Fossil,1-s2.0-S0031018213003660-main,517.32,518.74,518.03,Yes,incomplete_taxonomy,NA,NA,NA,NA,NA,NA,NA,NA
92,Ischnspongia dendritica,Demo,yes ,Cambrian demosponge; all spicules diactins?,Fossil,1-s2.0-S0031018213003660-main,517.32,518.74,518.03,Yes,incomplete_taxonomy,NA,NA,NA,NA,NA,NA,NA,NA
93,Hamptonia chengjiangensis,Demo,no,spicules in radiating pattern,Fossil,1-s2.0-S0031018213003660-main,517.32,518.74,518.03,Yes,no,NA,NA,NA,NA,NA,NA,NA,NA
94,Cystospongia globosa,Hex,yes ,stauractins may be triactins,Fossil,1-s2.0-S0031018213003660-main,517.32,518.74,518.03,Yes,genus_only,NA,NA,NA,NA,NA,NA,NA,NA
95,Valospongia gigantis,Hex,yes ,triaxons and stauractins may be giant,Fossil,1-s2.0-S0031018213003660-main,517.32,518.74,518.03,Yes,genus_only,NA,NA,NA,NA,NA,NA,NA,NA
96,Conciliospongia anjiensis,Demo-Hex,yes ,link between demosponges and hexactinellids,Fossil,s41598-017-05604-6,444,444,444,No,no_data,NA,NA,NA,NA,NA,NA,NA,NA
97,Stereodictyum orthoplectum,Hex,yes ,undefined monaxons,Fossil,Krautter2002_Chapter_FossilHexactinellidaAnOverview,326.4,339.4,332.9,No,no,NA,NA,NA,NA,NA,NA,NA,NA
98,Hintzespongia bilamina,Hex,yes ,two-layered wall,Fossil,Krautter2002_Chapter_FossilHexactinellidaAnOverview,505,513,509,No,no,NA,NA,NA,NA,NA,NA,NA,NA
99,Brachiospongia digitata,Hex,yes ,no,Fossil,Krautter2002_Chapter_FossilHexactinellidaAnOverview,449.5,460.9,455.2,No,no,NA,NA,NA,NA,NA,NA,NA,NA
100,Stioderma coscinum,Hex,yes ,anchors?,Fossil,Krautter2002_Chapter_FossilHexactinellidaAnOverview,272.3,279.3,275.8,No,no,NA,NA,NA,NA,NA,NA,NA,NA
101,Stromatidium typicale,Hex,no,spicules fuse into rigid layers; architecture unique in hexes,Fossil,Krautter2002_Chapter_FossilHexactinellidaAnOverview,268.8,272.3,270.55,No,incomplete_taxonomy,NA,NA,NA,NA,NA,NA,NA,NA
102,Becksia soekelandi,Hex,yes ,anchors?,Fossil,Krautter2002_Chapter_FossilHexactinellidaAnOverview,72.1,83.6,77.85,No,no,NA,NA,NA,NA,NA,NA,NA,NA
103,Plectroninia halli,Calcarea,yes ,unknown regular/sagittalness of tetracts and tripods,Fossil,document(5)(1),11.608,23.03,17.319,No,genus_only,NA,NA,NA,NA,NA,NA,NA,NA
104,Bactronella australis,Calcarea,no,only one type of tetractine?,Fossil,document(5)(1),11.608,23.03,17.319,No,genus_only,NA,NA,NA,NA,NA,NA,NA,NA
105,Tretocalia pezica,Calcarea,no,types of triactines and tetractines unkown,Fossil,document(5)(1),11.608,23.03,17.319,No,incomplete_taxonomy,NA,NA,NA,NA,NA,NA,NA,NA
106,Monoplectroninia malonei,Calcarea,no,one type of tetractine only,Fossil,document(5)(1),11.608,23.03,17.319,No,no_data,NA,NA,NA,NA,NA,NA,NA,NA
107,Stauractinella eocenica,Hex,no,no,Fossil,A Highly Diverse Siliceous…,41.3,47.8,44.55,No,no,NA,NA,NA,NA,NA,NA,NA,NA
108,Hormathospongia dictyota,Hex,no,no,Fossil,1306475,83.5,85.8,84.65,No,no,NA,NA,NA,NA,NA,NA,NA,NA
109,Sanshadictya microreticulata,Hex,no,no,Fossil,1993-sponges,516,520,518,No,no,NA,NA,NA,NA,NA,NA,NA,NA
110,Hyalosinica archaica,Hex,yes ,"oxeas may be diactins, only fragments preserved",Fossil,1993-sponges,520,535,527.5,No,no,NA,NA,NA,NA,NA,NA,NA,NA
111,Choia utahensis,Demo,yes ,undefined monaxons,Fossil,1-s2.0-S0031018204005796-main,520,535,527.5,No,no,NA,NA,NA,NA,NA,NA,NA,NA
112,Diagoniella cyathiformis,Hex,no,no,Fossil,1-s2.0-S0031018204005796-main,520,535,527.5,No,no,NA,NA,NA,NA,NA,NA,NA,NA
113,Protospongia gracilis,Hex,no,no,Fossil,1-s2.0-S0031018204005796-main,520,535,527.5,No,no,NA,NA,NA,NA,NA,NA,NA,NA
114,Triticispongia diagonata,Hex,no,no,Fossil,1-s2.0-S0031018204005796-main,520,535,527.5,No,no,NA,NA,NA,NA,NA,NA,NA,NA
115,Lantianospongia palifera,Hex,no,no,Fossil,1-s2.0-S0031018204005796-main,520,535,527.5,No,no,NA,NA,NA,NA,NA,NA,NA,NA
116,Pirania auraeum,Demo,yes ,"tylostyles assumed from related species, but are definitely some kind of monaxon",Fossil,1-s2.0-S0031018204005796-main,477.7,485.4,481.55,No,no,NA,NA,NA,NA,NA,NA,NA,NA
117,Microhemidiscia greinerti,Hex,no,no,Fossil,i0022-3360-88-1-171,290.1,298.9,294.5,No,no,NA,NA,NA,NA,NA,NA,NA,NA
118,Heliospongia excavata,Demo,no,no,Fossil,i0022-3360-078-03-0431,315.2,323.2,319.2,No,no,NA,NA,NA,NA,NA,NA,NA,NA
119,Asturiaspongia aqualiforma,Hex,yes ,monaxon-like spicules present but may be foreign or broken,Fossil,i0022-3360-078-03-0431,393.3,407.6,400.45,No,no,NA,NA,NA,NA,NA,NA,NA,NA
120,Estrellaspongia irregulara,Hex,yes ,styles present but may be cut hexactines,Fossil,i0022-3360-078-03-0431,326.4,339.4,332.9,No,no,NA,NA,NA,NA,NA,NA,NA,NA
121,Hadrophragmos soleniscus,Hex,no,just three size classes of hexactines,Fossil,i0022-3360-078-03-0431,315.2,323.2,319.2,No,no,NA,NA,NA,NA,NA,NA,NA,NA
122,Iberospongia globulara,Hex,no,no,Fossil,i0022-3360-078-03-0431,391.9,409.1,400.5,No,no,NA,NA,NA,NA,NA,NA,NA,NA
123,Stioderma perforata,Hex,yes ,"somewhat unclear how many sizes of hexacts, but at least two",Fossil,i0022-3360-078-03-0431,307,315.2,311.1,No,no,NA,NA,NA,NA,NA,NA,NA,NA
124,Xylochos palindromica,Demo,yes ,"undefined monaxons, but multiple size orders",Fossil,An exceptional caradoc sponge…,453,458.4,455.7,No,no,NA,NA,NA,NA,NA,NA,NA,NA
125,Pirania llanfawrensis,Demo,yes ,possibly some subtylostyles; unclear if they slowly grade into styles,Fossil,An exceptional caradoc sponge…,453,458.4,455.7,No,no,NA,NA,NA,NA,NA,NA,NA,NA
126,Heminectere minima,Hex,yes ,could be even more size classes,Fossil,An exceptional caradoc sponge…,453,458.4,455.7,No,no,NA,NA,NA,NA,NA,NA,NA,NA
127,Asthenospongia cambria,Hex,yes ,could be more spicule orders but at least five,Fossil,An exceptional caradoc sponge…,453,458.4,455.7,No,no,NA,NA,NA,NA,NA,NA,NA,NA
128,Acutipuerilis spinosus,Hex,yes ,could also be stauractines but unconfirmed,Fossil,An exceptional caradoc sponge…,453,458.4,455.7,No,no,NA,NA,NA,NA,NA,NA,NA,NA
129,Granulispongia obscura,Hex,yes ,"probably seven size orders and each has two modifications, so complexity value could potentially be 21 or higher, but somewhat unclear if spicules grade into each other",Fossil,An exceptional caradoc sponge…,453,458.4,455.7,No,no,NA,NA,NA,NA,NA,NA,NA,NA
130,Murania reitneri,Demo,no,no,Fossil,MittGeolGes_95_96_0037-0045,145,163.5,154.25,No,no,NA,NA,NA,NA,NA,NA,NA,NA
131,Plectroninia pertusa,Calcarea,no,no,Fossil,2167-5880-127_2_39,38,41.3,39.65,No,no,NA,NA,NA,NA,NA,NA,NA,NA
132,Bactronella womblei,Calcarea,no,no,Fossil,2167-5880-127_2_39,38,41.3,39.65,No,no,NA,NA,NA,NA,NA,NA,NA,NA
133,Bactronella incrustans,Calcarea,no,no,Fossil,2167-5880-127_2_39,38,41.3,39.65,No,no,NA,NA,NA,NA,NA,NA,NA,NA
134,Stelletta (Stolleya) silvigera,Demo,yes ,protriaenes may be modified versions of dichotriaenes; are they distinct regardless?,Fossil,2167-5880-127_2_39,38,41.3,39.65,No,no,NA,NA,NA,NA,NA,NA,NA,NA
135,Geodia harmatuki,Demo,no,no,Fossil,2167-5880-127_2_39,38,41.3,39.65,No,no,NA,NA,NA,NA,NA,NA,NA,NA
136,Sheldonia trabecula,Hex,no,no,Fossil,2167-5880-127_2_39,38,41.3,39.65,No,no,NA,NA,NA,NA,NA,NA,NA,NA
137,Hazelina bisbifurcata,Demo,no,no,Fossil,2167-5880-127_2_39,38,41.3,39.65,No,no,NA,NA,NA,NA,NA,NA,NA,NA
138,Claytonia rayi,Demo,yes ,no,Fossil,2167-5880-127_2_39,38,41.3,39.65,No,no,NA,NA,NA,NA,NA,NA,NA,NA
139,Haplistion lobatum,Demo,no,no,Fossil,1306253,410.8,419.2,415,No,genus_only,NA,NA,NA,NA,NA,NA,NA,NA
140,Twenhofelella bulbulus,Hex,no,other small spicule types but not well preserved enough to describe,Fossil,1306253,410.8,419.2,415,No,genus_only,NA,NA,NA,NA,NA,NA,NA,NA
141,Monaxoradiata lamina,Demo,no,no,Fossil,0022-3360_2006_80_1_SFTRTM_2.0.CO_2,259.9,265.1,262.5,No,no,NA,NA,NA,NA,NA,NA,NA,NA
142,Chiastocolumnia cylindrica,Demo,yes ,"spicules are very irregular, so difficult to distinguish separate types",Fossil,0022-3360_2006_80_1_SFTRTM_2.0.CO_2,259.9,265.1,262.5,No,no,NA,NA,NA,NA,NA,NA,NA,NA
143,Dactylites obconica,Demo,yes ,"spicules are very irregular, so difficult to distinguish separate types",Fossil,0022-3360_2006_80_1_SFTRTM_2.0.CO_2,259.9,265.1,262.5,No,no,NA,NA,NA,NA,NA,NA,NA,NA
144,Defordia digitata,Demo,no,no,Fossil,1304893,272.3,279.3,275.8,No,no,NA,NA,NA,NA,NA,NA,NA,NA
145,Jereina robusta,Demo,no,no,Fossil,1304893,272.3,279.3,275.8,No,no,NA,NA,NA,NA,NA,NA,NA,NA
146,Astylospongia tarda,Demo,no,no,Fossil,1304631,410.8,419.2,415,No,genus_only,NA,NA,NA,NA,NA,NA,NA,NA
147,Hexactinoderma trammeri,Hex,yes ,synapticular fusion,Fossil,9373-12646-2-PB,242,247.2,244.6,No,no,NA,NA,NA,NA,NA,NA,NA,NA
148,Silesiaspongia rimosa,Hex,yes ,contains hexactines and their derivatives; unclear exactly how many unique forms,Fossil,9373-12646-2-PB,242,247.2,244.6,No,no,NA,NA,NA,NA,NA,NA,NA,NA
149,Tremadictyon radicatum,Hex,no,genus may be recorded as Cribrospongia,Fossil,Muller1991_Chapter_ObservationsOnTheJurassicHexac,157.3,163.5,160.4,No,genus_only,NA,NA,NA,NA,NA,NA,NA,NA
150,Paracinachyrella fossilis,Demo,yes ,contains oxeas but may be foreign,Fossil,Łukowiak2014_Article_BathyalSpongesFromTheLateEarly,15.97,20.44,18.205,No,no,NA,NA,NA,NA,NA,NA,NA,NA
151,Virgaspongiella ramosa,Demo,yes ,some oxeas and styles indistinguishable,Fossil,i0022-3360-078-01-0071,254.17,259.9,257.035,No,no,NA,NA,NA,NA,NA,NA,NA,NA
152,Incrustatospongia superficiala,Demo,yes ,I and Y-shaped dendroclones grade into each other,Fossil,i0022-3360-078-01-0071,254.17,259.9,257.035,No,no,NA,NA,NA,NA,NA,NA,NA,NA
153,Porosphaera globularis,Calcarea,no,no,Fossil,1-s2.0-S0195667111001248-main,93.5,99.6,96.55,No,no,NA,NA,NA,NA,NA,NA,NA,NA
154,Endostoma mexicana,Calcarea,no,all monaxons assumed to be oxeas due to some being identifiable as oxeas,Fossil,1304269,100.5,113,106.75,No,no,NA,NA,NA,NA,NA,NA,NA,NA
155,Mammillopora encrusta,Calcarea,no,triactines not preserved in all parts of sponge,Fossil,1304269,109,112.03,110.515,No,no,NA,NA,NA,NA,NA,NA,NA,NA
156,Sontheimia parasitica,Demo,yes ,some desmas; unclear if distinct,Fossil,A Callovian Middle Jurassic Poriferan Fauna…,163.5,166.1,164.8,No,genus_only,NA,NA,NA,NA,NA,NA,NA,NA
157,Jereica tuberculosa,Demo,no,no,Fossil,A Callovian Middle Jurassic Poriferan Fauna…,163.5,166.1,164.8,No,genus_only,NA,NA,NA,NA,NA,NA,NA,NA
158,Soleneiscus hamatus,Calcarea,no,no,Extant,S12526-017-0671-x,0,0,0,NA,NA,Calcarea,Calcinea,Clathrinida,NA,Soleneiscidae,NA,Soleneiscus,NA
159,Petrobiona massiliana,Calcarea,no,no,Extant,Sponges of marine caves…,0,0,0,NA,NA,Calcarea,Calcaronea,Lithonida,NA,Petrobionidae,NA,Petrobiona,NA
160,Sycon ciliatum,Calcarea,no,no,Extant,10.12714-egejfas.37.2.05-884246,0,0,0,NA,NA,Calcarea,Calcaronea,Leucosolenida,NA,Sycettidae,NA,Sycon,NA
161,Paraleucilla magna,Calcarea,no,no,Extant,10.12714-egejfas.37.2.05-884246,0,0,0,NA,NA,Calcarea,Calcaronea,Leucosolenida,NA,Amphoriscidae,NA,Paraleucilla,NA
162,Aphrocallistes beatrix,Hex,no,no,Extant,document-Hexsponges92623,0,0,0,NA,NA,Hexactinellida,Hexasterophora,Hexactinosida,Sceptrulophora,Aphrocallistidae,NA,Aphrocallistes,NA
163,Euplectella gibbsa,Hex,no,no,Extant,document-Hexsponges92623,0,0,0,NA,NA,NA,NA,NA,NA,NA,NA,NA,NA
164,Lophocalyx reiswigi,Hex,no,no,Extant,document-Hexsponges92623,0,0,0,NA,NA,NA,NA,NA,NA,NA,NA,NA,NA
165,Sympagella cooki,Hex,no,no,Extant,document-Hexsponges92623,0,0,0,NA,NA,NA,NA,NA,NA,NA,NA,NA,NA
166,Nodastrella nodastrella,Hex,no,no,Extant,11940-Article Text-27795-39309-10-20150504-1,0,0,0,NA,NA,Hexactinellida,Hexasterophora,Lyssacinosida,NA,Rossellidae,NA,Nodastrella,NA
167,Neopetrosia proxima,Demo,no,no,Extant,peerj-6371,0,0,0,NA,NA,Demospongiae,Heteroscleromorpha,Haplosclerida,NA,Petrosiidae,NA,Neopetrosia,NA
168,Callyspongia armigera,Demo,no,no,Extant,Ecology and Evolution-2015-DeBiasse,0,0,0,NA,NA,Demospongiae,Heteroscleromorpha,Haplosclerida,NA,Callyspongiidae,NA,Callyspongia,NA
169,Haliclona cinerea,Demo,no,no,Extant,ATS_journal-web,0,0,0,NA,NA,Demospongiae,Heteroscleromorpha,Haplosclerida,NA,Chalinidae,NA,Haliclona,NA
170,Scopalina nausicae,Demo,no,no,Extant,2020.08.11.246710.full,0,0,0,NA,NA,Demospongiae,Heteroscleromorpha,Bubarida,NA,Dictyonellidae,NA,Scopalina,NA
171,Galaxia gaviotensis,Demo,no,no,Extant,2020.08.11.246710.full,0,0,0,NA,NA,Demospongiae,Heteroscleromorpha,Tethyida,NA,Hemiasterellidae,NA,Galaxia,NA
172,Quasillina brevis,Demo,no,no,Extant,Polymastiidae_porifera_demospongiae_of_the_nordic_and_siberian_seas,0,0,0,NA,NA,Demospongiae,Heteroscleromorpha,Polymastiida,NA,Polymastiidae,NA,Quasillina,NA
173,Spinularia spinularia,Demo,no,no,Extant,Polymastiidae_porifera_demospongiae_of_the_nordic_and_siberian_seas,0,0,0,NA,NA,Demospongiae,Heteroscleromorpha,Polymastiida,NA,Polymastiidae,NA,Spinularia,NA
174,Ciocalypta penicillus,Demo,no,no,Extant,Two new species of the halichondriidae…,0,0,0,NA,NA,Demospongiae,Heteroscleromorpha,Suberitida,NA,Halichondriidae,NA,Ciocalypta,NA
175,Hymeniacidon perlevis,Demo,no,no,Extant,2020.02.13.948000.full,0,0,0,NA,NA,Demospongiae,Heteroscleromorpha,Suberitida,NA,Halichondriidae,NA,Hymeniacidon,NA
176,Amorphinopsis fenestrata,Demo,yes ,Styles transitional to subtylostyles,Extant,2010AlvarezetalHalichondriidae…,0,0,0,NA,NA,Demospongiae,Heteroscleromorpha,Suberitida,NA,Halichondriidae,NA,Amorphinopsis,NA
177,Leuclathrina translucida,Calcarea,yes ,some triactines thickened near tips,Extant,36882-Article Text-112462-124334-10-20180220,0,0,0,NA,NA,Calcarea,Calcinea,Clathrinida,NA,Leucaltidae,NA,Leuclathrina,NA
178,Grantia compressa,Calcarea,no,no,Extant,zookeys-546-001,0,0,0,NA,NA,Calcarea,Calcaronea,Leucosolenida,NA,Grantiidae,NA,Grantia,NA
179,Sycettusa hirsutissima,Calcarea,no,no,Extant,document-1,0,0,0,NA,NA,Calcarea,Calcaronea,Leucosolenida,NA,Heteropiidae,NA,Sycettusa,NA
180,Ute insulagemmae,Calcarea,no,no,Extant,document-1,0,0,0,NA,NA,Calcarea,Calcaronea,Leucosolenida,NA,Grantiidae,NA,Ute,NA
181,Kebira tetractinifera,Calcarea,yes ,nail-shaped triactines; were classed here as chiactines,Extant,document-1,0,0,0,NA,NA,Calcarea,Calcaronea,Leucosolenida,NA,Lelapiidae,NA,Kebira,NA
182,Aspidoscopulia australia,Hex,yes ,aspidoscopule apomorphy,Extant,J.1096-3642.2011.00753.x,0,0,0,NA,NA,Hexactinellida,Hexasterophora,Hexactinosida,Sceptrulophora,Farreidae,NA,Aspidoscopulia,NA
183,Euryplegma auriculare,Hex,no,no,Extant,298431,0,0,0,NA,NA,Hexactinellida,Hexasterophora,Aulocalycoida,NA,Aulocalycidae,NA,Euryplegma,NA
184,Rossella antarctica,Hex,yes ,some very large microscleres,Extant,REVISION_Goodwin_et_al_Hexact_ms,0,0,0,NA,NA,Hexactinellida,Hexasterophora,Lyssacinosida,NA,Rossellidae,NA,Rossella,NA
185,Chalinula zeae,Demo,no,no,Extant,BEAU20000050001001,0,0,0,NA,NA,Demospongiae,Heteroscleromorpha,Haplosclerida,NA,Chalinidae,NA,Chalinula,NA
186,Lissodendoryx flabellata,Demo,no,no,Extant,blsf-02-00038,0,0,0,NA,NA,Demospongiae,Heteroscleromorpha,Poecilosclerida,NA,Coelosphaeridae,NA,Lissodendoryx,NA
187,Kirkpatrickia coulmani,Demo,no,no,Extant,blsf-02-00038,0,0,0,NA,NA,Demospongiae,Heteroscleromorpha,Poecilosclerida,NA,Hymedesmiidae,NA,Kirkpatrickia,NA
188,Phorbas glaberrimus,Demo,no,no,Extant,blsf-02-00038,0,0,0,NA,NA,Demospongiae,Heteroscleromorpha,Poecilosclerida,NA,Hymedesmiidae,NA,Phorbas,NA
189,Janulum spinispiculum,Demo,no,no,Extant,kelly_et_al_2015_Janulum_imago,0,0,0,NA,NA,Demospongiae,Heteroscleromorpha,Axinellida,NA,Raspailiidae,Plocamioninae,Janulum,NA
190,Svenzea zeai,Demo,no,no,Extant,ctoz-article-p171-7,0,0,0,NA,NA,Demospongiae,Heteroscleromorpha,Bubarida,NA,Dictyonellidae,NA,Svenzea,NA
191,Plenaster craigi,Demo,no,no,Extant,A-new-genus-and-species-of-abyssal-sponge…,0,0,0,NA,NA,Demospongiae,Heteroscleromorpha,Axinellida,NA,Stelligeridae,NA,Plenaster,NA
192,Heteroxya beauforti,Demo,no,no,Extant,peerj-11879,0,0,0,NA,NA,Demospongiae,Heteroscleromorpha,Axinellida,NA,Heteroxyidae,NA,Heteroxya,NA
193,Dragmacidon australe,Demo,no,no,Extant,2020_Newrecordofsponge,0,0,0,NA,NA,Demospongiae,Heteroscleromorpha,Axinellida,NA,Axinellidae,NA,Dragmacidon,NA
194,Didiscus oxeatus,Demo,no,didiscorhabds,Extant,s12526-021-01168-x,0,0,0,NA,NA,Demospongiae,Heteroscleromorpha,Suberitida,NA,Halichondriidae,NA,Didiscus,NA
195,Sigmaxinella hipposiderus,Demo,no,no,Extant,46207-Article Text-142948-155065-10-20190214,0,0,0,NA,NA,Demospongiae,Heteroscleromorpha,Biemnida,NA,Biemnidae,NA,Sigmaxinella,NA
196,Aciculites orientalis,Demo,no,no,Extant,Deep_sea_lithistid_assemblages_from_the,0,0,0,NA,NA,Demospongiae,Heteroscleromorpha,Tetractinellida,Spirophorina,Scleritodermidae,NA,Aciculites,NA
197,Scleritoderma flabelliforme,Demo,no,no,Extant,Deep_sea_lithistid_assemblages_from_the,0,0,0,NA,NA,Demospongiae,Heteroscleromorpha,Tetractinellida,Spirophorina,Scleritodermidae,NA,Scleritoderma,NA
198,Herengeria auriculata,Demo,no,no,Extant,Deep_sea_lithistid_assemblages_from_the,0,0,0,NA,NA,Demospongiae,Heteroscleromorpha,Tetractinellida,Astrophorina,Corallistidae,NA,Herengeria,NA
199,Neoschrammeniella norfolkii,Demo,no,no,Extant,Deep_sea_lithistid_assemblages_from_the,0,0,0,NA,NA,NA,NA,NA,NA,NA,NA,NA,NA
200,Anaderma rancureli,Demo,no,no,Extant,Deep_sea_lithistid_assemblages_from_the,0,0,0,NA,NA,Demospongiae,Heteroscleromorpha,Tetractinellida,Astrophorina,Pleromidae,NA,Anaderma,NA
201,Reidispongia coerulea,Demo,no,no,Extant,Deep_sea_lithistid_assemblages_from_the,0,0,0,NA,NA,Demospongiae,Heteroscleromorpha,Tetractinellida,Astrophorina,Phymatellidae,NA,Reidispongia,NA
202,Acanthotetilla celebensis,Demo,no,no,Extant,27310-Article Text-157366-169361-10-20190617,0,0,0,NA,NA,Demospongiae,Heteroscleromorpha,Tetractinellida,Spirophorina,Tetillidae,NA,Acanthotetilla,NA
203,Stelletta tuberosa,Demo,no,no,Extant,demosponges-from-the-northern-mid-atlantic-ridge-shed-more-light-on-the-diversity-and-biogeography-of-north-atlantic-deep-sea-sponges,0,0,0,NA,NA,Demospongiae,Heteroscleromorpha,Tetractinellida,Astrophorina,Ancorinidae,NA,Stelletta,NA
204,Poecillastra compressa,Demo,no,no,Extant,demosponges-from-the-northern-mid-atlantic-ridge-shed-more-light-on-the-diversity-and-biogeography-of-north-atlantic-deep-sea-sponges,0,0,0,NA,NA,Demospongiae,Heteroscleromorpha,Tetractinellida,Astrophorina,Vulcanellidae,NA,Poecillastra,NA
205,Thenea levis,Demo,no,no,Extant,demosponges-from-the-northern-mid-atlantic-ridge-shed-more-light-on-the-diversity-and-biogeography-of-north-atlantic-deep-sea-sponges,0,0,0,NA,NA,Demospongiae,Heteroscleromorpha,Tetractinellida,Astrophorina,Theneidae,NA,Thenea,NA
206,Stylocordyla borealis,Demo,no,no,Extant,demosponges-from-the-northern-mid-atlantic-ridge-shed-more-light-on-the-diversity-and-biogeography-of-north-atlantic-deep-sea-sponges,0,0,0,NA,NA,Demospongiae,Heteroscleromorpha,Suberitida,NA,Stylocordylidae,NA,Stylocordyla,NA
207,Isodictya filiformis,Demo,no,no,Extant,s00300-020-02654-x,0,0,0,NA,NA,Demospongiae,Heteroscleromorpha,Poecilosclerida,NA,Isodictyidae,NA,Isodictya,NA
208,Cyclacanthia bellae,Demo,no,no,Extant,z00725p-Cyclacanthia,0,0,0,NA,NA,Demospongiae,Heteroscleromorpha,Poecilosclerida,NA,Latrunculiidae,NA,Cyclacanthia,NA
209,Tsitsikamma favus,Demo,no,no,Extant,zookeys-874-101,0,0,0,NA,NA,Demospongiae,Heteroscleromorpha,Poecilosclerida,NA,Latrunculiidae,NA,Tsitsikamma,NA
210,Iophon koltuni,Demo,no,no,Extant,BouchardMarmenetal._2019_Technicalreport_Spongesfromthe2010-2014PaamiutMultispeciesTrawlSurveysEasternArcticandSubarctic,0,0,0,NA,NA,Demospongiae,Heteroscleromorpha,Poecilosclerida,NA,NA,NA,Iophon,NA
211,Cinachyra barbata,Demo,no,no,Extant,GoodwinBrewinandBricklel2012_Sponge_biodiversity_South_Georgia,0,0,0,NA,NA,Demospongiae,Heteroscleromorpha,Tetractinellida,Spirophorina,Tetillidae,NA,Cinachyra,NA
212,Iotrochota birotulata,Demo,no,no,Extant,iz_Ruetzler_et_al_2007b,0,0,0,NA,NA,Demospongiae,Heteroscleromorpha,Poecilosclerida,NA,Iotrochotidae,NA,Iotrochota,NA
213,Protosuberites mereui,Demo,no,no,Extant,Melisetal2016NewProtosuberitesWMediterranean,0,0,0,NA,NA,Demospongiae,Heteroscleromorpha,Suberitida,NA,Suberitidae,NA,Protosuberites,NA
